Store,Weekly_Revenue (£),Weekly_Profit (£),Yearly_Revenue (£),Yearly_Profit (£),Total UK Revenue (£),Total UK Profit (£)
Waterstones,8791.35,3076.97,457150.2,160002.44,137145060,48000732
WHSmith,6722.8,1680.7,349585.60000000003,87396.40000000001,209751360,52437840
