company,avg_weekly_revenue,avg_weekly_gross_profit,avg_weekly_op_cost,avg_weekly_net_profit,median_weekly_net_profit,store_weeks,annualized_revenue_per_store,annualized_net_profit_per_store
Independent Bookshop,360.9890894155979,198.42049967200822,5859.0,-5660.579500327991,-5156.444957789637,1560,18771.43264961109,-294350.1340170555
Supermarket Books,437.0453733997396,209.2053384347047,9710.90909090909,-9501.703752474386,-9572.225115855757,1716,22726.35941678646,-494088.5951286681
University Bookshop,287.1225570593496,150.62950150379405,6940.0,-6789.370498496206,-6021.289116472821,936,14930.37296708618,-353047.2659218027
WHSmith (High Street),461.09632422360096,237.03135169612847,14172.02380952381,-13934.99245782768,-14212.148901597826,2184,23977.00885962725,-724619.6078070394
Waterstones,721.1895306180335,386.1051617817415,17669.871794871793,-17283.766633090054,-18034.210853288252,2028,37501.85559213774,-898755.8649206827
