chain,units,revenue,cogs,gross_profit,gross_margin
WHSmith,42437,435453.477,267506.36401,167947.11299,0.38568325173804957
Waterstones,41458,451843.93425,253001.6326975,198842.30155249996,0.4400685424328012
